{
  "type": "Filesystem",
  "managed": true,
  "formatType": "csv",
  "checklists": {
    "checklists": []
  },
  "checks": [],
  "customMeta": {
    "kv": {}
  },
  "flowOptions": {
    "virtualizable": false,
    "rebuildBehavior": "NORMAL",
    "crossProjectBuildBehavior": "DEFAULT"
  },
  "readWriteOptions": {
    "preserveOrder": false,
    "writeBuckets": 1,
    "forceSingleOutputFile": false,
    "defaultReadOrdering": {
      "enabled": false,
      "rules": []
    }
  },
  "formatParams": {
    "style": "unix",
    "charset": "utf8",
    "separator": "\t",
    "quoteChar": "\"",
    "escapeChar": "\\",
    "dateSerializationFormat": "ISO",
    "arrayMapFormat": "json",
    "hiveSeparators": [
      "\u0002",
      "\u0003",
      "\u0004",
      "\u0005",
      "\u0006",
      "\u0007",
      "\b"
    ],
    "skipRowsBeforeHeader": 0,
    "parseHeaderRow": false,
    "skipRowsAfterHeader": 0,
    "probableNumberOfRecords": 0,
    "normalizeBooleans": false,
    "normalizeDoubles": true,
    "readAdditionalColumnsBehavior": "INSERT_IN_DATA_WARNING",
    "readMissingColumnsBehavior": "DISCARD_SILENT",
    "readDataTypeMismatchBehavior": "DISCARD_WARNING",
    "writeDataTypeMismatchBehavior": "DISCARD_WARNING",
    "fileReadFailureBehavior": "FAIL",
    "compress": "gz"
  },
  "partitioning": {
    "ignoreNonMatchingFile": false,
    "considerMissingRequestedPartitionsAsEmpty": false,
    "dimensions": []
  },
  "versionTag": {
    "versionNumber": 6,
    "lastModifiedBy": {
      "login": "admin"
    },
    "lastModifiedOn": 1589718741679
  },
  "creationTag": {
    "versionNumber": 0,
    "lastModifiedBy": {
      "login": "admin"
    },
    "lastModifiedOn": 1589135997638
  },
  "tags": [],
  "params": {
    "connection": "filesystem_managed",
    "path": "${projectKey}/2002_2007_set-dataviz-FN_hist",
    "notReadyIfEmpty": false,
    "filesSelectionRules": {
      "mode": "ALL",
      "excludeRules": [],
      "includeRules": [],
      "explicitFiles": []
    }
  },
  "schema": {
    "columns": [
      {
        "name": "INSEE",
        "type": "string",
        "meaning": "Text"
      },
      {
        "name": "Inscrits_2002",
        "type": "bigint"
      },
      {
        "name": "Abstentions_2002",
        "type": "bigint"
      },
      {
        "name": "%Abs/Ins_2002",
        "type": "double"
      },
      {
        "name": "Votants_2002",
        "type": "bigint"
      },
      {
        "name": "%Vot/Ins_2002",
        "type": "double"
      },
      {
        "name": "Blancs_nuls_2002",
        "type": "int"
      },
      {
        "name": "%BlNuls/Ins_2002",
        "type": "double"
      },
      {
        "name": "%BlNuls/Vot_2002",
        "type": "double"
      },
      {
        "name": "Exprimés_2002",
        "type": "bigint"
      },
      {
        "name": "%Exp/Ins_2002",
        "type": "double"
      },
      {
        "name": "%Exp/Vot_2002",
        "type": "double"
      },
      {
        "name": "Sexe_5",
        "type": "string"
      },
      {
        "name": "Candidat_FN_2002",
        "type": "string"
      },
      {
        "name": "Voix_FN_2002",
        "type": "int"
      },
      {
        "name": "% Voix/Ins_5",
        "type": "double"
      },
      {
        "name": "% Voix/Exp_5",
        "type": "double"
      },
      {
        "name": "Inscrits_2007",
        "type": "bigint"
      },
      {
        "name": "Absentions_2007",
        "type": "bigint"
      },
      {
        "name": "%Abs/Ins_2007",
        "type": "double"
      },
      {
        "name": "Votants_2007",
        "type": "bigint"
      },
      {
        "name": "%Vot/Ins_2007",
        "type": "double"
      },
      {
        "name": "Blancs_nuls_2007",
        "type": "bigint"
      },
      {
        "name": "%BlNuls/Ins_2007",
        "type": "double"
      },
      {
        "name": "%BlNuls/Vot_2007",
        "type": "double"
      },
      {
        "name": "Exprimés_2007",
        "type": "bigint"
      },
      {
        "name": "%Exp/Ins_2007",
        "type": "double"
      },
      {
        "name": "%Exp/Vot_2007",
        "type": "double"
      },
      {
        "name": "Sexe_9",
        "type": "string"
      },
      {
        "name": "Candidat_9",
        "type": "string"
      },
      {
        "name": "Voix_FN_2007",
        "type": "int"
      },
      {
        "name": "% Voix/Ins_9",
        "type": "double"
      },
      {
        "name": "% Voix/Exp_9",
        "type": "double"
      },
      {
        "name": "2012_Inscrits",
        "type": "bigint"
      },
      {
        "name": "2012_Abstentions",
        "type": "bigint"
      },
      {
        "name": "2012_% Abs/Ins",
        "type": "double"
      },
      {
        "name": "2012_Votants",
        "type": "bigint"
      },
      {
        "name": "2012_% Vot/Ins",
        "type": "double"
      },
      {
        "name": "2012_Blancs et nuls",
        "type": "bigint"
      },
      {
        "name": "2012_% BlNuls/Ins",
        "type": "double"
      },
      {
        "name": "2012_% BlNuls/Vot",
        "type": "double"
      },
      {
        "name": "2012_Exprimés",
        "type": "bigint"
      },
      {
        "name": "2012_% Exp/Ins",
        "type": "double"
      },
      {
        "name": "2012_% Exp/Vot",
        "type": "double"
      },
      {
        "name": "2012_Sexe_1",
        "type": "string"
      },
      {
        "name": "2012_Candidat_1",
        "type": "string"
      },
      {
        "name": "Voix_FN_2012",
        "type": "int"
      },
      {
        "name": "2012_% Voix/Ins_1",
        "type": "double"
      },
      {
        "name": "2012_% Voix/Exp_1",
        "type": "double"
      },
      {
        "name": "commune_nom",
        "type": "string"
      },
      {
        "name": "pop",
        "type": "bigint",
        "meaning": "LongMeaning"
      },
      {
        "name": "Longitude",
        "type": "double"
      },
      {
        "name": "Latitude",
        "type": "double"
      },
      {
        "name": "area",
        "type": "double"
      },
      {
        "name": "elevation",
        "type": "double"
      },
      {
        "name": "blason",
        "type": "string"
      },
      {
        "name": "Dynamique_Entrepreneuriale",
        "type": "bigint",
        "meaning": "LongMeaning"
      },
      {
        "name": "Orientation_Economique",
        "type": "string",
        "meaning": "Text"
      },
      {
        "name": "Indice_Fiscal_Partiel",
        "type": "double",
        "meaning": "DoubleMeaning"
      },
      {
        "name": "Score_Fiscal",
        "type": "double",
        "meaning": "DoubleMeaning"
      },
      {
        "name": "Nombre_total_practiciens_BV",
        "type": "bigint",
        "meaning": "LongMeaning"
      },
      {
        "name": "Densite_Medicale_BV",
        "type": "double",
        "meaning": "DoubleMeaning"
      },
      {
        "name": "Score_equipement_de_sante_BV",
        "type": "bigint",
        "meaning": "LongMeaning"
      },
      {
        "name": "Indice_Demographique",
        "type": "double",
        "meaning": "DoubleMeaning"
      },
      {
        "name": "Score_Demographique",
        "type": "double",
        "meaning": "DoubleMeaning"
      },
      {
        "name": "Indice Ménages",
        "type": "double",
        "meaning": "DoubleMeaning"
      },
      {
        "name": "Score_Menages",
        "type": "double",
        "meaning": "DoubleMeaning"
      },
      {
        "name": "Evolution_Population",
        "type": "bigint",
        "meaning": "LongMeaning"
      },
      {
        "name": "Evolution_Pop_%",
        "type": "bigint",
        "meaning": "LongMeaning"
      },
      {
        "name": "Nombre_total_Menages",
        "type": "bigint",
        "meaning": "LongMeaning"
      },
      {
        "name": "Nombre_Residences_Principales",
        "type": "bigint",
        "meaning": "LongMeaning"
      },
      {
        "name": "Nombre_Proprietaires",
        "type": "bigint",
        "meaning": "LongMeaning"
      },
      {
        "name": "Nombre_Total_De_Logement",
        "type": "bigint",
        "meaning": "LongMeaning"
      },
      {
        "name": "Nombre_total_Femme",
        "type": "bigint",
        "meaning": "LongMeaning"
      },
      {
        "name": "Nombre_total_Homme",
        "type": "bigint",
        "meaning": "LongMeaning"
      },
      {
        "name": "Nombre_total_Etudiants",
        "type": "bigint"
      },
      {
        "name": "Nombre_total_entreprises",
        "type": "bigint",
        "meaning": "LongMeaning"
      },
      {
        "name": "Moyenne_Revenus_Fiscaux_Departementaux",
        "type": "bigint",
        "meaning": "LongMeaning"
      },
      {
        "name": "Moyenne_Revenus_Fiscaux_Régionaux",
        "type": "bigint",
        "meaning": "LongMeaning"
      },
      {
        "name": "Moyenne_Salaires_Horaires_Dept",
        "type": "double",
        "meaning": "DoubleMeaning"
      },
      {
        "name": "Moyenne_Salaires_Horraires_Reg",
        "type": "double",
        "meaning": "DoubleMeaning"
      },
      {
        "name": "Urbanite_Ruralite",
        "type": "string",
        "meaning": "Text"
      },
      {
        "name": "Classement_villes",
        "type": "string"
      },
      {
        "name": "Nombre_Total_Actifs",
        "type": "bigint",
        "meaning": "LongMeaning"
      },
      {
        "name": "Dynamique_Demographique_BV",
        "type": "string",
        "meaning": "Text"
      },
      {
        "name": "Taux_Etudiants",
        "type": "bigint",
        "meaning": "LongMeaning"
      },
      {
        "name": "Capacite_Fiscale",
        "type": "bigint",
        "meaning": "LongMeaning"
      },
      {
        "name": "Moyenne_Revenus_Fiscaux",
        "type": "double",
        "meaning": "DoubleMeaning"
      },
      {
        "name": "Nombre_institutions_sante_education_action-sociale",
        "type": "bigint",
        "meaning": "LongMeaning"
      },
      {
        "name": "Nombre_Industries",
        "type": "bigint",
        "meaning": "LongMeaning"
      },
      {
        "name": "Score_Croissance_Population",
        "type": "double",
        "meaning": "DoubleMeaning"
      },
      {
        "name": "PIB",
        "type": "double",
        "meaning": "DoubleMeaning"
      },
      {
        "name": "Env_Demographique",
        "type": "string",
        "meaning": "Text"
      },
      {
        "name": "Fidelite",
        "type": "string",
        "meaning": "Text"
      }
    ],
    "userModified": true
  },
  "metrics": {
    "probes": [
      {
        "type": "basic",
        "enabled": true,
        "computeOnBuildMode": "PARTITION",
        "meta": {
          "name": "Basic data",
          "level": 0
        },
        "configuration": {}
      },
      {
        "type": "records",
        "enabled": true,
        "computeOnBuildMode": "NO",
        "meta": {
          "name": "Record count",
          "level": 0
        },
        "configuration": {}
      }
    ],
    "engineConfig": {
      "padRunsWithMetrics": false,
      "hive": {
        "active": true,
        "extraConf": []
      },
      "basic": {},
      "dss": {
        "active": true,
        "selection": {
          "useMemTable": false,
          "filter": {
            "distinct": false,
            "enabled": false
          },
          "partitionSelectionMethod": "ALL",
          "latestPartitionsN": 1,
          "ordering": {
            "enabled": false,
            "rules": []
          },
          "samplingMethod": "FULL",
          "maxRecords": -1,
          "targetRatio": 0.02,
          "withinFirstN": -1,
          "maxReadUncompressedBytes": -1
        }
      },
      "sql": {
        "active": true
      },
      "impala": {
        "active": true
      },
      "spark": {
        "active": true,
        "extraConf": []
      },
      "python": {}
    },
    "displayedState": {
      "columns": [],
      "metrics": [
        "basic:COUNT_COLUMNS",
        "basic:COUNT_FILES",
        "basic:SIZE",
        "records:COUNT_RECORDS"
      ]
    }
  },
  "metricsChecks": {
    "runOnBuild": false,
    "checks": [],
    "displayedState": {
      "checks": []
    }
  },
  "customFields": {}
}