{
  "type": "UploadedFiles",
  "managed": false,
  "formatType": "excel",
  "checklists": {
    "checklists": []
  },
  "customMeta": {
    "kv": {}
  },
  "flowOptions": {
    "virtualizable": false,
    "rebuildBehavior": "NORMAL",
    "crossProjectBuildBehavior": "DEFAULT"
  },
  "readWriteOptions": {
    "preserveOrder": false,
    "writeBuckets": 1,
    "forceSingleOutputFile": false,
    "defaultReadOrdering": {
      "enabled": false,
      "rules": []
    }
  },
  "formatParams": {
    "xlsx": false,
    "preserveNumberFormatting": false,
    "parseDatesToISO": false,
    "skipRowsBeforeHeader": 0,
    "parseHeaderRow": true,
    "skipRowsAfterHeader": 0,
    "sheets": "*Table Décisionnelle INSEE"
  },
  "partitioning": {
    "ignoreNonMatchingFile": false,
    "considerMissingRequestedPartitionsAsEmpty": false,
    "dimensions": []
  },
  "versionTag": {
    "versionNumber": 2,
    "lastModifiedBy": {
      "login": "admin"
    },
    "lastModifiedOn": 1582640510599
  },
  "creationTag": {
    "versionNumber": 0,
    "lastModifiedBy": {
      "login": "admin"
    },
    "lastModifiedOn": 1582639771764
  },
  "tags": [],
  "params": {
    "uploadConnection": "Default (in DSS data dir.)",
    "notReadyIfEmpty": false,
    "filesSelectionRules": {
      "mode": "ALL",
      "excludeRules": [],
      "includeRules": [],
      "explicitFiles": []
    }
  },
  "schema": {
    "columns": [
      {
        "name": "CODGEO",
        "type": "string"
      },
      {
        "name": "Nb Pharmacies et parfumerie",
        "type": "string"
      },
      {
        "name": "Dynamique Entrepreneuriale",
        "type": "string"
      },
      {
        "name": "Dynamique Entrepreneuriale Service et Commerce",
        "type": "string"
      },
      {
        "name": "Synergie Médicale COMMUNE",
        "type": "string"
      },
      {
        "name": "Orientation Economique",
        "type": "string"
      },
      {
        "name": "Indice Fiscal Partiel",
        "type": "string"
      },
      {
        "name": "Score Fiscal",
        "type": "string"
      },
      {
        "name": "Indice Evasion Client",
        "type": "string"
      },
      {
        "name": "Score Evasion Client",
        "type": "string",
        "meaning": "Text"
      },
      {
        "name": "Indice Synergie Médicale",
        "type": "string"
      },
      {
        "name": "Score Synergie Médicale",
        "type": "string"
      },
      {
        "name": "SEG Croissance POP",
        "type": "string"
      },
      {
        "name": "LIBGEO",
        "type": "string"
      },
      {
        "name": "REG",
        "type": "string"
      },
      {
        "name": "DEP",
        "type": "string"
      },
      {
        "name": "Nb Omnipraticiens BV",
        "type": "string"
      },
      {
        "name": "Nb Infirmiers Libéraux BV",
        "type": "string"
      },
      {
        "name": "Nb dentistes Libéraux BV",
        "type": "string"
      },
      {
        "name": "Nb pharmaciens Libéraux BV",
        "type": "string"
      },
      {
        "name": "Densité Médicale BV",
        "type": "string"
      },
      {
        "name": "Score équipement de santé BV",
        "type": "string"
      },
      {
        "name": "Indice Démographique",
        "type": "string"
      },
      {
        "name": "Score Démographique",
        "type": "string"
      },
      {
        "name": "Indice Ménages",
        "type": "string"
      },
      {
        "name": "Score Ménages",
        "type": "string"
      },
      {
        "name": "Population",
        "type": "string"
      },
      {
        "name": "Evolution Population",
        "type": "string"
      },
      {
        "name": "Evolution Pop %",
        "type": "string"
      },
      {
        "name": "Nb Ménages",
        "type": "string"
      },
      {
        "name": "Nb Résidences Principales",
        "type": "string"
      },
      {
        "name": "Nb propriétaire",
        "type": "string"
      },
      {
        "name": "Nb Logement",
        "type": "string"
      },
      {
        "name": "Nb Résidences Secondaires",
        "type": "string"
      },
      {
        "name": "Nb Log Vacants",
        "type": "string"
      },
      {
        "name": "Nb Occupants Résidence Principale",
        "type": "string"
      },
      {
        "name": "Nb Femme",
        "type": "string"
      },
      {
        "name": "Nb Homme",
        "type": "string"
      },
      {
        "name": "Nb Mineurs",
        "type": "string"
      },
      {
        "name": "Nb Majeurs",
        "type": "string"
      },
      {
        "name": "Nb Etudiants",
        "type": "string"
      },
      {
        "name": "Nb Entreprises Secteur Services",
        "type": "string"
      },
      {
        "name": "Nb Entreprises Secteur Commerce",
        "type": "string"
      },
      {
        "name": "Nb Entreprises Secteur Construction",
        "type": "string"
      },
      {
        "name": "Nb Entreprises Secteur Industrie",
        "type": "string"
      },
      {
        "name": "Nb Création Enteprises",
        "type": "string"
      },
      {
        "name": "Nb Création Industrielles",
        "type": "string"
      },
      {
        "name": "Nb Création Construction",
        "type": "string"
      },
      {
        "name": "Nb Création Commerces",
        "type": "string"
      },
      {
        "name": "Nb Création Services",
        "type": "string"
      },
      {
        "name": "Moyenne Revenus Fiscaux Départementaux",
        "type": "string"
      },
      {
        "name": "Moyenne Revenus Fiscaux Régionaux",
        "type": "string"
      },
      {
        "name": "Dep Moyenne Salaires Horaires",
        "type": "string"
      },
      {
        "name": "Dep Moyenne Salaires Cadre Horaires",
        "type": "string"
      },
      {
        "name": "Dep Moyenne Salaires Prof Intermédiaire Horaires",
        "type": "string"
      },
      {
        "name": "Dep Moyenne Salaires Employé Horaires",
        "type": "string"
      },
      {
        "name": "Dep Moyenne Salaires Ouvrié Horaires",
        "type": "string"
      },
      {
        "name": "Reg Moyenne Salaires Horaires",
        "type": "string"
      },
      {
        "name": "Reg Moyenne Salaires Cadre Horaires",
        "type": "string"
      },
      {
        "name": "Reg Moyenne Salaires Prof Intermédiaire Horaires",
        "type": "string"
      },
      {
        "name": "Reg Moyenne Salaires Employé Horaires",
        "type": "string"
      },
      {
        "name": "Reg Moyenne Salaires Ouvrié Horaires",
        "type": "string"
      },
      {
        "name": "Valeur ajoutée régionale",
        "type": "string"
      },
      {
        "name": "Urbanité Ruralité",
        "type": "string"
      },
      {
        "name": "Score Urbanité",
        "type": "string"
      },
      {
        "name": "Nb Atifs",
        "type": "string"
      },
      {
        "name": "Nb Actifs Salariés",
        "type": "string"
      },
      {
        "name": "Nb Actifs Non Salariés",
        "type": "string"
      },
      {
        "name": "Nb Logement Secondaire et Occasionnel",
        "type": "string"
      },
      {
        "name": "Nb Hotel",
        "type": "string"
      },
      {
        "name": "Capacité Hotel",
        "type": "string"
      },
      {
        "name": "Nb Camping",
        "type": "string"
      },
      {
        "name": "Capacité Camping",
        "type": "string"
      },
      {
        "name": "Dynamique Démographique BV",
        "type": "string"
      },
      {
        "name": "Taux étudiants",
        "type": "string"
      },
      {
        "name": "Taux Propriété",
        "type": "string"
      },
      {
        "name": "Dynamique Démographique INSEE",
        "type": "string"
      },
      {
        "name": "Capacité Fisc",
        "type": "string"
      },
      {
        "name": "Capacité Fiscale",
        "type": "string"
      },
      {
        "name": "Moyenne Revnus fiscaux",
        "type": "string"
      },
      {
        "name": "Taux Evasion Client",
        "type": "string"
      },
      {
        "name": "Nb Education, santé, action sociale",
        "type": "string"
      },
      {
        "name": "Nb Services personnels et domestiques",
        "type": "string"
      },
      {
        "name": "Nb Santé, action sociale",
        "type": "string"
      },
      {
        "name": "Nb Industries des biens intermédiaires",
        "type": "string"
      },
      {
        "name": "Nb de Commerce",
        "type": "string"
      },
      {
        "name": "Nb de Services aux particuliers",
        "type": "string"
      },
      {
        "name": "Nb institution de Education, santé, action sociale, administration",
        "type": "string"
      },
      {
        "name": "PIB Régionnal",
        "type": "string"
      },
      {
        "name": "SEG Environnement Démographique Obsolète",
        "type": "string"
      },
      {
        "name": "Score Croissance Population",
        "type": "string"
      },
      {
        "name": "Score Croissance Entrepreneuriale",
        "type": "string"
      },
      {
        "name": "Score VA Région",
        "type": "string"
      },
      {
        "name": "Score PIB",
        "type": "string"
      },
      {
        "name": "Environnement Démographique",
        "type": "string"
      },
      {
        "name": "Fidélité",
        "type": "string"
      },
      {
        "name": "SYN MEDICAL",
        "type": "string"
      },
      {
        "name": "Seg Cap Fiscale",
        "type": "string"
      },
      {
        "name": "Seg Dyn Entre",
        "type": "string"
      },
      {
        "name": "DYN SetC",
        "type": "string"
      },
      {
        "name": "CP",
        "type": "string"
      }
    ],
    "userModified": true
  },
  "metrics": {
    "probes": [
      {
        "type": "basic",
        "enabled": true,
        "computeOnBuildMode": "PARTITION",
        "meta": {
          "name": "Basic data",
          "level": 0
        },
        "configuration": {}
      },
      {
        "type": "records",
        "enabled": true,
        "computeOnBuildMode": "NO",
        "meta": {
          "name": "Record count",
          "level": 0
        },
        "configuration": {}
      }
    ],
    "engineConfig": {
      "padRunsWithMetrics": false,
      "hive": {
        "active": true,
        "extraConf": []
      },
      "basic": {},
      "dss": {
        "active": true,
        "selection": {
          "useMemTable": false,
          "filter": {
            "distinct": false,
            "enabled": false
          },
          "partitionSelectionMethod": "ALL",
          "latestPartitionsN": 1,
          "ordering": {
            "enabled": false,
            "rules": []
          },
          "samplingMethod": "FULL",
          "maxRecords": -1,
          "targetRatio": 0.02,
          "withinFirstN": -1,
          "maxReadUncompressedBytes": -1
        }
      },
      "sql": {
        "active": true
      },
      "impala": {
        "active": true
      },
      "spark": {
        "active": true,
        "extraConf": []
      },
      "python": {}
    },
    "displayedState": {
      "columns": [],
      "metrics": [
        "basic:COUNT_COLUMNS",
        "basic:COUNT_FILES",
        "basic:SIZE",
        "records:COUNT_RECORDS"
      ]
    }
  },
  "metricsChecks": {
    "runOnBuild": false,
    "checks": [],
    "displayedState": {
      "checks": []
    }
  },
  "customFields": {}
}