{
  "type": "Filesystem",
  "managed": true,
  "formatType": "csv",
  "checklists": {
    "checklists": []
  },
  "checks": [],
  "customMeta": {
    "kv": {}
  },
  "flowOptions": {
    "virtualizable": false,
    "rebuildBehavior": "NORMAL",
    "crossProjectBuildBehavior": "DEFAULT"
  },
  "readWriteOptions": {
    "preserveOrder": false,
    "writeBuckets": 1,
    "forceSingleOutputFile": false,
    "defaultReadOrdering": {
      "enabled": false,
      "rules": []
    }
  },
  "formatParams": {
    "style": "unix",
    "charset": "utf8",
    "separator": "\t",
    "quoteChar": "\"",
    "escapeChar": "\\",
    "dateSerializationFormat": "ISO",
    "arrayMapFormat": "json",
    "hiveSeparators": [
      "\u0002",
      "\u0003",
      "\u0004",
      "\u0005",
      "\u0006",
      "\u0007",
      "\b"
    ],
    "skipRowsBeforeHeader": 0,
    "parseHeaderRow": false,
    "skipRowsAfterHeader": 0,
    "probableNumberOfRecords": 0,
    "normalizeBooleans": false,
    "normalizeDoubles": true,
    "readAdditionalColumnsBehavior": "INSERT_IN_DATA_WARNING",
    "readMissingColumnsBehavior": "DISCARD_SILENT",
    "readDataTypeMismatchBehavior": "DISCARD_WARNING",
    "writeDataTypeMismatchBehavior": "DISCARD_WARNING",
    "fileReadFailureBehavior": "FAIL",
    "compress": "gz"
  },
  "partitioning": {
    "ignoreNonMatchingFile": false,
    "considerMissingRequestedPartitionsAsEmpty": false,
    "dimensions": []
  },
  "versionTag": {
    "versionNumber": 1,
    "lastModifiedBy": {
      "login": "admin"
    },
    "lastModifiedOn": 1589129997742
  },
  "creationTag": {
    "versionNumber": 0,
    "lastModifiedBy": {
      "login": "admin"
    },
    "lastModifiedOn": 1589129643513
  },
  "tags": [],
  "params": {
    "connection": "filesystem_managed",
    "path": "${projectKey}/dictionnaire_2017",
    "notReadyIfEmpty": false,
    "filesSelectionRules": {
      "mode": "ALL",
      "excludeRules": [],
      "includeRules": [],
      "explicitFiles": []
    }
  },
  "schema": {
    "columns": [
      {
        "name": "INSEE",
        "type": "string"
      },
      {
        "name": "Libellé du département",
        "type": "string"
      },
      {
        "name": "Libellé de la commune",
        "type": "string"
      },
      {
        "name": "Inscrits",
        "type": "bigint"
      },
      {
        "name": "Abstentions",
        "type": "bigint"
      },
      {
        "name": "% Abs/Ins",
        "type": "double"
      },
      {
        "name": "Votants",
        "type": "bigint"
      },
      {
        "name": "% Vot/Ins",
        "type": "double"
      },
      {
        "name": "Blancs",
        "type": "bigint"
      },
      {
        "name": "% Blancs/Ins",
        "type": "double"
      },
      {
        "name": "% Blancs/Vot",
        "type": "double"
      },
      {
        "name": "Nuls",
        "type": "bigint"
      },
      {
        "name": "% Nuls/Ins",
        "type": "double"
      },
      {
        "name": "% Nuls/Vot",
        "type": "double"
      },
      {
        "name": "Exprimés",
        "type": "bigint"
      },
      {
        "name": "% Exp/Ins",
        "type": "double"
      },
      {
        "name": "% Exp/Vot",
        "type": "double"
      },
      {
        "name": "N°Panneau",
        "type": "bigint"
      },
      {
        "name": "Sexe",
        "type": "string"
      },
      {
        "name": "Nom",
        "type": "string"
      },
      {
        "name": "Prénom",
        "type": "string"
      },
      {
        "name": "Voix",
        "type": "bigint"
      },
      {
        "name": "% Voix/Ins",
        "type": "double"
      },
      {
        "name": "% Voix/Exp",
        "type": "double"
      },
      {
        "name": "N°Panneau_1",
        "type": "bigint"
      },
      {
        "name": "Sexe_1",
        "type": "string"
      },
      {
        "name": "Nom_1",
        "type": "string"
      },
      {
        "name": "Prénom_1",
        "type": "string"
      },
      {
        "name": "Voix_1",
        "type": "bigint"
      },
      {
        "name": "% Voix/Ins_1",
        "type": "double"
      },
      {
        "name": "% Voix/Exp_1",
        "type": "double"
      },
      {
        "name": "N°Panneau_2",
        "type": "bigint"
      },
      {
        "name": "Sexe_2",
        "type": "string"
      },
      {
        "name": "Nom_2",
        "type": "string"
      },
      {
        "name": "Prénom_2",
        "type": "string"
      },
      {
        "name": "Voix_2",
        "type": "bigint"
      },
      {
        "name": "% Voix/Ins_2",
        "type": "double"
      },
      {
        "name": "% Voix/Exp_2",
        "type": "double"
      },
      {
        "name": "N°Panneau_3",
        "type": "bigint"
      },
      {
        "name": "Sexe_3",
        "type": "string"
      },
      {
        "name": "Nom_3",
        "type": "string"
      },
      {
        "name": "Prénom_3",
        "type": "string"
      },
      {
        "name": "Voix_3",
        "type": "bigint"
      },
      {
        "name": "% Voix/Ins_3",
        "type": "double"
      },
      {
        "name": "% Voix/Exp_3",
        "type": "double"
      },
      {
        "name": "N°Panneau_4",
        "type": "bigint"
      },
      {
        "name": "Sexe_4",
        "type": "string"
      },
      {
        "name": "Nom_4",
        "type": "string"
      },
      {
        "name": "Prénom_4",
        "type": "string"
      },
      {
        "name": "Voix_4",
        "type": "bigint"
      },
      {
        "name": "% Voix/Ins_4",
        "type": "double"
      },
      {
        "name": "% Voix/Exp_4",
        "type": "double"
      },
      {
        "name": "N°Panneau_5",
        "type": "bigint"
      },
      {
        "name": "Sexe_5",
        "type": "string"
      },
      {
        "name": "Nom_5",
        "type": "string"
      },
      {
        "name": "Prénom_5",
        "type": "string"
      },
      {
        "name": "Voix_5",
        "type": "bigint"
      },
      {
        "name": "% Voix/Ins_5",
        "type": "double"
      },
      {
        "name": "% Voix/Exp_5",
        "type": "double"
      },
      {
        "name": "N°Panneau_6",
        "type": "bigint"
      },
      {
        "name": "Sexe_6",
        "type": "string"
      },
      {
        "name": "Nom_6",
        "type": "string"
      },
      {
        "name": "Prénom_6",
        "type": "string"
      },
      {
        "name": "Voix_6",
        "type": "bigint"
      },
      {
        "name": "% Voix/Ins_6",
        "type": "double"
      },
      {
        "name": "% Voix/Exp_6",
        "type": "double"
      },
      {
        "name": "N°Panneau_7",
        "type": "bigint"
      },
      {
        "name": "Sexe_7",
        "type": "string"
      },
      {
        "name": "Nom_7",
        "type": "string"
      },
      {
        "name": "Prénom_7",
        "type": "string"
      },
      {
        "name": "Voix_7",
        "type": "bigint"
      },
      {
        "name": "% Voix/Ins_7",
        "type": "double"
      },
      {
        "name": "% Voix/Exp_7",
        "type": "double"
      },
      {
        "name": "N°Panneau_8",
        "type": "bigint"
      },
      {
        "name": "Sexe_8",
        "type": "string"
      },
      {
        "name": "Nom_8",
        "type": "string"
      },
      {
        "name": "Prénom_8",
        "type": "string"
      },
      {
        "name": "Voix_8",
        "type": "bigint"
      },
      {
        "name": "% Voix/Ins_8",
        "type": "double"
      },
      {
        "name": "% Voix/Exp_8",
        "type": "double"
      },
      {
        "name": "N°Panneau_9",
        "type": "bigint"
      },
      {
        "name": "Sexe_9",
        "type": "string"
      },
      {
        "name": "Nom_9",
        "type": "string"
      },
      {
        "name": "Prénom_9",
        "type": "string"
      },
      {
        "name": "Voix_9",
        "type": "bigint"
      },
      {
        "name": "% Voix/Ins_9",
        "type": "double"
      },
      {
        "name": "% Voix/Exp_9",
        "type": "double"
      },
      {
        "name": "N°Panneau_10",
        "type": "bigint"
      },
      {
        "name": "Sexe_10",
        "type": "string"
      },
      {
        "name": "Nom_10",
        "type": "string"
      },
      {
        "name": "Prénom_10",
        "type": "string"
      },
      {
        "name": "Voix_10",
        "type": "bigint"
      },
      {
        "name": "% Voix/Ins_10",
        "type": "double"
      },
      {
        "name": "% Voix/Exp_10",
        "type": "double"
      }
    ],
    "userModified": false
  },
  "metrics": {
    "probes": [
      {
        "type": "basic",
        "enabled": true,
        "computeOnBuildMode": "PARTITION",
        "meta": {
          "name": "Basic data",
          "level": 0
        },
        "configuration": {}
      },
      {
        "type": "records",
        "enabled": true,
        "computeOnBuildMode": "NO",
        "meta": {
          "name": "Record count",
          "level": 0
        },
        "configuration": {}
      }
    ],
    "engineConfig": {
      "padRunsWithMetrics": false,
      "hive": {
        "active": true,
        "extraConf": []
      },
      "basic": {},
      "dss": {
        "active": true,
        "selection": {
          "useMemTable": false,
          "filter": {
            "distinct": false,
            "enabled": false
          },
          "partitionSelectionMethod": "ALL",
          "latestPartitionsN": 1,
          "ordering": {
            "enabled": false,
            "rules": []
          },
          "samplingMethod": "FULL",
          "maxRecords": -1,
          "targetRatio": 0.02,
          "withinFirstN": -1,
          "maxReadUncompressedBytes": -1
        }
      },
      "sql": {
        "active": true
      },
      "impala": {
        "active": true
      },
      "spark": {
        "active": true,
        "extraConf": []
      },
      "python": {}
    },
    "displayedState": {
      "columns": [],
      "metrics": [
        "basic:COUNT_COLUMNS",
        "basic:COUNT_FILES",
        "basic:SIZE",
        "records:COUNT_RECORDS"
      ]
    }
  },
  "metricsChecks": {
    "runOnBuild": false,
    "checks": [],
    "displayedState": {
      "checks": []
    }
  },
  "customFields": {}
}