{
  "type": "Filesystem",
  "managed": true,
  "formatType": "csv",
  "checklists": {
    "checklists": []
  },
  "checks": [],
  "customMeta": {
    "kv": {}
  },
  "flowOptions": {
    "virtualizable": false,
    "rebuildBehavior": "NORMAL",
    "crossProjectBuildBehavior": "DEFAULT"
  },
  "readWriteOptions": {
    "preserveOrder": false,
    "writeBuckets": 1,
    "forceSingleOutputFile": false,
    "defaultReadOrdering": {
      "enabled": false,
      "rules": []
    }
  },
  "formatParams": {
    "style": "unix",
    "charset": "utf8",
    "separator": "\t",
    "quoteChar": "\"",
    "escapeChar": "\\",
    "dateSerializationFormat": "ISO",
    "arrayMapFormat": "json",
    "hiveSeparators": [
      "\u0002",
      "\u0003",
      "\u0004",
      "\u0005",
      "\u0006",
      "\u0007",
      "\b"
    ],
    "skipRowsBeforeHeader": 0,
    "parseHeaderRow": false,
    "skipRowsAfterHeader": 0,
    "probableNumberOfRecords": 0,
    "normalizeBooleans": false,
    "normalizeDoubles": true,
    "readAdditionalColumnsBehavior": "INSERT_IN_DATA_WARNING",
    "readMissingColumnsBehavior": "DISCARD_SILENT",
    "readDataTypeMismatchBehavior": "DISCARD_WARNING",
    "writeDataTypeMismatchBehavior": "DISCARD_WARNING",
    "fileReadFailureBehavior": "FAIL",
    "compress": "gz"
  },
  "partitioning": {
    "ignoreNonMatchingFile": false,
    "considerMissingRequestedPartitionsAsEmpty": false,
    "dimensions": []
  },
  "versionTag": {
    "versionNumber": 0,
    "lastModifiedBy": {
      "login": "admin"
    },
    "lastModifiedOn": 1589658393412
  },
  "creationTag": {
    "versionNumber": 0,
    "lastModifiedBy": {
      "login": "admin"
    },
    "lastModifiedOn": 1589658393412
  },
  "tags": [],
  "params": {
    "connection": "filesystem_managed",
    "path": "${projectKey}/Stats_Communes_globales_joined_prepared",
    "notReadyIfEmpty": false,
    "filesSelectionRules": {
      "mode": "ALL",
      "excludeRules": [],
      "includeRules": [],
      "explicitFiles": []
    }
  },
  "schema": {
    "columns": [
      {
        "name": "commune_nom",
        "type": "string"
      },
      {
        "name": "INSEE",
        "type": "string",
        "meaning": "Text"
      },
      {
        "name": "pop",
        "type": "bigint",
        "meaning": "LongMeaning"
      },
      {
        "name": "area",
        "type": "double"
      },
      {
        "name": "CODGEO",
        "type": "string",
        "meaning": "Text"
      },
      {
        "name": "Dynamique_Entrepreneuriale",
        "type": "bigint",
        "meaning": "LongMeaning"
      },
      {
        "name": "Orientation_Economique",
        "type": "string",
        "meaning": "Text"
      },
      {
        "name": "Indice_Fiscal_Partiel",
        "type": "double",
        "meaning": "DoubleMeaning"
      },
      {
        "name": "Score_Fiscal",
        "type": "double",
        "meaning": "DoubleMeaning"
      },
      {
        "name": "Nombre_total_practiciens_BV",
        "type": "bigint",
        "meaning": "LongMeaning"
      },
      {
        "name": "Densite_Medicale_BV",
        "type": "double",
        "meaning": "DoubleMeaning"
      },
      {
        "name": "Score_equipement_de_sante_BV",
        "type": "bigint",
        "meaning": "LongMeaning"
      },
      {
        "name": "Indice_Demographique",
        "type": "double",
        "meaning": "DoubleMeaning"
      },
      {
        "name": "Score_Demographique",
        "type": "double",
        "meaning": "DoubleMeaning"
      },
      {
        "name": "Indice Ménages",
        "type": "double",
        "meaning": "DoubleMeaning"
      },
      {
        "name": "Score_Menages",
        "type": "double",
        "meaning": "DoubleMeaning"
      },
      {
        "name": "Evolution_Population",
        "type": "bigint",
        "meaning": "LongMeaning"
      },
      {
        "name": "Evolution_Pop_%",
        "type": "bigint",
        "meaning": "LongMeaning"
      },
      {
        "name": "Nombre_total_Menages",
        "type": "bigint",
        "meaning": "LongMeaning"
      },
      {
        "name": "Nombre_Residences_Principales",
        "type": "bigint",
        "meaning": "LongMeaning"
      },
      {
        "name": "Nombre_Proprietaires",
        "type": "bigint",
        "meaning": "LongMeaning"
      },
      {
        "name": "Nombre_Total_De_Logement",
        "type": "bigint",
        "meaning": "LongMeaning"
      },
      {
        "name": "Nombre_total_Femme",
        "type": "bigint",
        "meaning": "LongMeaning"
      },
      {
        "name": "Nombre_total_Homme",
        "type": "bigint",
        "meaning": "LongMeaning"
      },
      {
        "name": "Nombre_total_Etudiants",
        "type": "bigint"
      },
      {
        "name": "Nombre_total_entreprises",
        "type": "bigint",
        "meaning": "LongMeaning"
      },
      {
        "name": "Moyenne_Revenus_Fiscaux_Departementaux",
        "type": "bigint",
        "meaning": "LongMeaning"
      },
      {
        "name": "Moyenne_Revenus_Fiscaux_Régionaux",
        "type": "bigint",
        "meaning": "LongMeaning"
      },
      {
        "name": "Moyenne_Salaires_Horaires_Dept",
        "type": "double",
        "meaning": "DoubleMeaning"
      },
      {
        "name": "Moyenne_Salaires_Horraires_Reg",
        "type": "double",
        "meaning": "DoubleMeaning"
      },
      {
        "name": "Urbanite_Ruralite",
        "type": "string",
        "meaning": "Text"
      },
      {
        "name": "Nombre_Total_Actifs",
        "type": "bigint",
        "meaning": "LongMeaning"
      },
      {
        "name": "Dynamique_Demographique_BV",
        "type": "string",
        "meaning": "Text"
      },
      {
        "name": "Taux_Etudiants",
        "type": "bigint",
        "meaning": "LongMeaning"
      },
      {
        "name": "Capacite_Fiscale",
        "type": "bigint",
        "meaning": "LongMeaning"
      },
      {
        "name": "Moyenne_Revenus_Fiscaux",
        "type": "double",
        "meaning": "DoubleMeaning"
      },
      {
        "name": "Nombre_institutions_sante_education_action-sociale",
        "type": "bigint",
        "meaning": "LongMeaning"
      },
      {
        "name": "Nombre_Industries",
        "type": "bigint",
        "meaning": "LongMeaning"
      },
      {
        "name": "Score_Croissance_Population",
        "type": "double",
        "meaning": "DoubleMeaning"
      },
      {
        "name": "PIB",
        "type": "double",
        "meaning": "DoubleMeaning"
      },
      {
        "name": "Env_Demographique",
        "type": "string",
        "meaning": "Text"
      },
      {
        "name": "Fidelite",
        "type": "string",
        "meaning": "Text"
      },
      {
        "name": "Nord_Votants_total_2002",
        "type": "bigint"
      },
      {
        "name": "Nord_Candidat_6",
        "type": "string"
      },
      {
        "name": "Nord_Voix_Exp_FN_2002_pourcent",
        "type": "double"
      },
      {
        "name": "Nord_Libellé du département",
        "type": "string"
      },
      {
        "name": "Nord_Votants_total_2007",
        "type": "bigint"
      },
      {
        "name": "Nord_Candidat_9",
        "type": "string"
      },
      {
        "name": "Nord_Voix_Exp_FN_2007_pourcent",
        "type": "double"
      },
      {
        "name": "Nord_Votants_total_2012",
        "type": "bigint"
      },
      {
        "name": "Nord_2012_Candidat_1",
        "type": "string"
      },
      {
        "name": "Nord_Voix_Exp_FN_2012_pourcent",
        "type": "double"
      },
      {
        "name": "PetiteCouronne_Votants_total_2002",
        "type": "bigint"
      },
      {
        "name": "PetiteCouronne_Voix_Exp_FN_2002_pourcent",
        "type": "double"
      },
      {
        "name": "PetiteCouronne_Libellé du département",
        "type": "string"
      },
      {
        "name": "PetiteCouronne_Votants_total_2007",
        "type": "bigint"
      },
      {
        "name": "PetiteCouronne_Candidat_9",
        "type": "string"
      },
      {
        "name": "PetiteCouronne_Voix_Exp_FN_2007_pourcent",
        "type": "double"
      },
      {
        "name": "PetiteCouronne_Votants_total_2012",
        "type": "bigint"
      },
      {
        "name": "PetiteCouronne_2012_Candidat_1",
        "type": "string"
      },
      {
        "name": "PetiteCouronne_Voix_Exp_FN_2012_pourcent",
        "type": "double"
      },
      {
        "name": "Alsace_Votants_total_2002",
        "type": "bigint"
      },
      {
        "name": "Alsace_Voix_Exp_FN_2002_pourcent",
        "type": "double"
      },
      {
        "name": "Alsace_Libellé du département",
        "type": "string"
      },
      {
        "name": "Alsace_Votants_total_2007",
        "type": "bigint"
      },
      {
        "name": "Alsace_Candidat_9",
        "type": "string"
      },
      {
        "name": "Alsace_Voix_Exp_FN_2007_pourcent",
        "type": "double"
      },
      {
        "name": "Alsace_Votants_total_2012",
        "type": "bigint"
      },
      {
        "name": "Alsace_2012_Candidat_1",
        "type": "string"
      },
      {
        "name": "Alsace_Voix_Exp_FN_2012_pourcent",
        "type": "double"
      }
    ],
    "userModified": true
  },
  "metrics": {
    "probes": [
      {
        "type": "basic",
        "enabled": true,
        "computeOnBuildMode": "PARTITION",
        "meta": {
          "name": "Basic data",
          "level": 0
        },
        "configuration": {}
      },
      {
        "type": "records",
        "enabled": true,
        "computeOnBuildMode": "NO",
        "meta": {
          "name": "Record count",
          "level": 0
        },
        "configuration": {}
      }
    ],
    "engineConfig": {
      "padRunsWithMetrics": false,
      "hive": {
        "active": true,
        "extraConf": []
      },
      "basic": {},
      "dss": {
        "active": true,
        "selection": {
          "useMemTable": false,
          "filter": {
            "distinct": false,
            "enabled": false
          },
          "partitionSelectionMethod": "ALL",
          "latestPartitionsN": 1,
          "ordering": {
            "enabled": false,
            "rules": []
          },
          "samplingMethod": "FULL",
          "maxRecords": -1,
          "targetRatio": 0.02,
          "withinFirstN": -1,
          "maxReadUncompressedBytes": -1
        }
      },
      "sql": {
        "active": true
      },
      "impala": {
        "active": true
      },
      "spark": {
        "active": true,
        "extraConf": []
      },
      "python": {}
    },
    "displayedState": {
      "columns": [],
      "metrics": [
        "basic:COUNT_COLUMNS",
        "basic:COUNT_FILES",
        "basic:SIZE",
        "records:COUNT_RECORDS"
      ]
    }
  },
  "metricsChecks": {
    "runOnBuild": false,
    "checks": [],
    "displayedState": {
      "checks": []
    }
  },
  "customFields": {}
}