[
  {
    "execSQLLike": false,
    "localDatasets": [
      {
        "datasets": [
          "__rw__dataset1__",
          "__rw__dataset2__"
        ],
        "privileges": [
          "READ_DATA",
          "WRITE_DATA",
          "READ_METADATA",
          "WRITE_METADATA",
          "READ_SCHEMA",
          "WRITE_SCHEMA"
        ]
      },
      {
        "datasets": [
          "__r__dataset__"
        ],
        "privileges": [
          "READ_DATA",
          "READ_METADATA",
          "READ_SCHEMA"
        ]
      }
    ],
    "projectPrivileges": {
      "admin": false,
      "readProjectContent": true,
      "writeProjectContent": false,
      "exportDatasetsData": true,
      "readDashboards": true,
      "writeDashboards": false,
      "moderateDashboards": false,
      "runScenarios": false,
      "manageDashboardAuthorizations": false,
      "manageExposedElements": false,
      "manageAdditionalDashboardUsers": false
    },
    "id": "W7dZuaHOXmW8z1sc",
    "key": "dummyKey_r3JozZJ3MeQoA0QXrfu9wgAURMZRwcYi",
    "label": "Clé_access",
    "createdOn": 1588956953911
  }
]