{
  "script": {
    "steps": [],
    "maxProcessedMemTableBytes": -1,
    "fullSampleStatistics": {
      "engineConfig": {
        "padRunsWithMetrics": false,
        "hive": {
          "active": true,
          "extraConf": []
        },
        "basic": {},
        "dss": {
          "active": true,
          "selection": {
            "useMemTable": false,
            "filter": {
              "distinct": false,
              "enabled": false
            },
            "partitionSelectionMethod": "ALL",
            "latestPartitionsN": 1,
            "ordering": {
              "enabled": false,
              "rules": []
            },
            "samplingMethod": "FULL",
            "maxRecords": -1,
            "targetRatio": 0.02,
            "withinFirstN": -1,
            "maxReadUncompressedBytes": -1
          }
        },
        "sql": {
          "active": true
        },
        "impala": {
          "active": true
        },
        "spark": {
          "active": true,
          "extraConf": []
        },
        "python": {}
      },
      "basic": true,
      "countDistinct": true,
      "advanced": true,
      "percentile": false,
      "validity": false,
      "updateOnAnalyzeBoxOpen": false,
      "computeCostFreeMetrics": false,
      "numberTopValues": 10
    },
    "columnsSelection": {
      "mode": "ALL"
    },
    "columnWidthsByName": {
      "INSEE": 100,
      "Inscrits_2002": 113,
      "Abstentions_2002": 135,
      "%Abs/Ins_2002": 113,
      "Votants_2002": 105,
      "%Vot/Ins_2002": 113,
      "Blancs_nuls_2002": 135,
      "%BlNuls/Ins_2002": 135,
      "%BlNuls/Vot_2002": 135,
      "Exprimés_2002": 113,
      "%Exp/Ins_2002": 113,
      "%Exp/Vot_2002": 113,
      "Sexe_5": 100,
      "Candidat_6": 134,
      "Voix_5": 100,
      "% Voix/Ins_5": 105,
      "% Voix/Exp_5": 105,
      "Libellé du département": 180,
      "Inscrits_2007": 113,
      "Absentions_2007": 128,
      "%Abs/Ins_2007": 113,
      "Votants_2007": 105,
      "%Vot/Ins_2007": 113,
      "Blancs_nuls_2007": 135,
      "%BlNuls/Ins_2007": 135,
      "%BlNuls/Vot_2007": 135,
      "Exprimés_2007": 113,
      "%Exp/Ins_2007": 113,
      "%Exp/Vot_2007": 113,
      "Sexe_9": 100,
      "Candidat_9": 134,
      "Voix_9": 100,
      "% Voix/Ins_9": 105,
      "% Voix/Exp_9": 105,
      "2012_Inscrits": 113,
      "2012_Abstentions": 135,
      "2012_% Abs/Ins": 120,
      "2012_Votants": 105,
      "2012_% Vot/Ins": 120,
      "2012_Blancs et nuls": 158,
      "2012_% BlNuls/Ins": 143,
      "2012_% BlNuls/Vot": 143,
      "2012_Exprimés": 113,
      "2012_% Exp/Ins": 120,
      "2012_% Exp/Vot": 120,
      "2012_Sexe_1": 100,
      "2012_Candidat_1": 128,
      "2012_Voix_1": 100,
      "2012_% Voix/Ins_1": 143,
      "2012_% Voix/Exp_1": 143
    },
    "coloring": {
      "scheme": "MEANING_AND_STATUS",
      "individualColumns": [],
      "valueColoringMode": "HASH"
    },
    "sorting": [],
    "analysisColumnData": {},
    "explorationSampling": {
      "selection": {
        "maxStoredBytes": 104857600,
        "filter": {
          "distinct": false,
          "enabled": false
        },
        "partitionSelectionMethod": "ALL",
        "latestPartitionsN": 1,
        "ordering": {
          "enabled": false,
          "rules": []
        },
        "samplingMethod": "HEAD_SEQUENTIAL",
        "maxRecords": 10000,
        "targetRatio": 0.02,
        "withinFirstN": -1,
        "maxReadUncompressedBytes": -1
      },
      "autoRefreshSample": false,
      "_refreshTrigger": 0
    },
    "vizSampling": {
      "autoRefreshSample": false,
      "_refreshTrigger": 0
    },
    "exploreUIParams": {
      "autoRefresh": true
    },
    "globalSearchQuery": "",
    "explorationFilters": [],
    "previewMode": "ALL_ROWS"
  },
  "charts": []
}