{
  "script": {
    "steps": [],
    "maxProcessedMemTableBytes": -1,
    "columnsSelection": {
      "mode": "ALL"
    },
    "columnWidthsByName": {
      "INSEE": 100,
      "Libellé du département": 180,
      "Libellé de la commune": 211,
      "Inscrits": 100,
      "Abstentions": 100,
      "% Abs/Ins": 100,
      "Votants": 100,
      "% Vot/Ins": 100,
      "Blancs et nuls": 120,
      "% BlNuls/Ins": 105,
      "% BlNuls/Vot": 105,
      "Exprimés": 100,
      "% Exp/Ins": 100,
      "% Exp/Vot": 100,
      "Sexe": 100,
      "Candidat_0": 120,
      "Voix": 100,
      "% Voix/Ins": 100,
      "% Voix/Exp": 100,
      "Sexe_1": 100,
      "Candidat_1": 120,
      "Voix_1": 100,
      "% Voix/Ins_1": 105,
      "% Voix/Exp_1": 105,
      "Sexe_2": 100,
      "Candidat_2": 120,
      "Voix_2": 100,
      "% Voix/Ins_2": 105,
      "% Voix/Exp_2": 105,
      "Sexe_3": 100,
      "Candidat_3": 141,
      "Voix_3": 100,
      "% Voix/Ins_3": 105,
      "% Voix/Exp_3": 105,
      "Sexe_4": 100,
      "Candidat_4": 120,
      "Voix_4": 100,
      "% Voix/Ins_4": 105,
      "% Voix/Exp_4": 105,
      "Sexe_5": 100,
      "Candidat_5": 127,
      "Voix_5": 100,
      "% Voix/Ins_5": 105,
      "% Voix/Exp_5": 105,
      "Sexe_6": 100,
      "Candidat_6": 134,
      "Voix_6": 100,
      "% Voix/Ins_6": 105,
      "% Voix/Exp_6": 105,
      "Sexe_7": 100,
      "Candidat_7": 120,
      "Voix_7": 100,
      "% Voix/Ins_7": 105,
      "% Voix/Exp_7": 105,
      "Sexe_8": 100,
      "Candidat_8": 162,
      "Voix_8": 100,
      "% Voix/Ins_8": 105,
      "% Voix/Exp_8": 105,
      "Sexe_9": 100,
      "Candidat_9": 141,
      "Voix_9": 100,
      "% Voix/Ins_9": 105,
      "% Voix/Exp_9": 105
    },
    "coloring": {
      "scheme": "MEANING_AND_STATUS",
      "individualColumns": [],
      "valueColoringMode": "HASH"
    },
    "sorting": [],
    "analysisColumnData": {},
    "explorationSampling": {
      "selection": {
        "maxStoredBytes": 104857600,
        "filter": {
          "distinct": false,
          "enabled": false
        },
        "partitionSelectionMethod": "ALL",
        "latestPartitionsN": 1,
        "ordering": {
          "enabled": false,
          "rules": []
        },
        "samplingMethod": "HEAD_SEQUENTIAL",
        "maxRecords": 10000,
        "targetRatio": 0.02,
        "withinFirstN": -1,
        "maxReadUncompressedBytes": -1
      },
      "autoRefreshSample": false,
      "_refreshTrigger": 0
    },
    "vizSampling": {
      "autoRefreshSample": false,
      "_refreshTrigger": 0
    },
    "exploreUIParams": {
      "autoRefresh": true
    },
    "globalSearchQuery": "",
    "explorationFilters": [
      {
        "column": "Libellé du département",
        "type": "columnFilter",
        "currentMode": "FACET",
        "active": true,
        "facet": {
          "type": "facet",
          "column": "Libellé du département",
          "columnType": "ALPHANUM",
          "currentMode": "ALPHANUM",
          "sort": "count",
          "selectedValues": {}
        },
        "alphanumFilter": {
          "type": "alphanum",
          "column": "Libellé du département",
          "values": [],
          "params": {
            "mode": "full_string",
            "normalization": "exact"
          }
        },
        "validityFilter": {
          "type": "validity",
          "column": "Libellé du département",
          "params": {
            "type": "Text",
            "ok": true,
            "nok": true,
            "empty": true
          }
        }
      }
    ],
    "previewMode": "ALL_ROWS"
  },
  "charts": []
}