{
  "type": "join",
  "neverRecomputeExistingPartitions": false,
  "optionalDependencies": false,
  "customMeta": {
    "kv": {}
  },
  "redispatchPartitioning": false,
  "maxRunningActivities": 0,
  "inputs": {
    "main": {
      "items": [
        {
          "ref": "Stats_Communes_globales",
          "deps": []
        },
        {
          "ref": "2002_2012_PalladioMap_Alsace_prepared",
          "deps": []
        },
        {
          "ref": "2002_2012_PalladioMap_PetiteCouronne_prepared",
          "deps": []
        },
        {
          "ref": "2002_2012_PalladioMap_Nord_prepared",
          "deps": []
        }
      ]
    }
  },
  "outputs": {
    "main": {
      "items": [
        {
          "ref": "Stats_FN_PCNORDALS_joined",
          "appendMode": false
        }
      ]
    }
  },
  "versionTag": {
    "versionNumber": 1,
    "lastModifiedBy": {
      "login": "admin"
    },
    "lastModifiedOn": 1589720071720
  },
  "creationTag": {
    "versionNumber": 0,
    "lastModifiedBy": {
      "login": "admin"
    },
    "lastModifiedOn": 1589719904309
  },
  "tags": [],
  "customFields": {},
  "checklists": {
    "checklists": []
  }
}